                  epoch,         train/box_loss,         train/cls_loss,         train/dfl_loss,   metrics/precision(B),      metrics/recall(B),       metrics/mAP50(B),    metrics/mAP50-95(B),           val/box_loss,           val/cls_loss,           val/dfl_loss,                 lr/pg0,                 lr/pg1,                 lr/pg2
                      1,                 3.4629,                 5.7302,                 2.7394,                 0.7561,                0.12015,                0.22801,                0.10708,                 3.2477,                 5.1289,                 2.6345,             0.00047137,             0.00047137,             0.00047137
                      2,                 3.4191,                 4.1532,                 2.7237,                0.63265,                 0.3662,                0.32785,                0.13385,                  3.575,                 4.3227,                 2.8167,             0.00076006,             0.00076006,             0.00076006
                      3,                 3.4061,                 3.9577,                 2.7401,                0.65988,                0.37141,                0.39134,                0.17866,                 3.5206,                 3.4683,                  2.831,             0.00086012,             0.00086012,             0.00086012
                      4,                 3.2474,                 3.6791,                 2.6919,                0.71249,                 0.4104,                0.43436,                0.21057,                 3.3089,                 3.0603,                 2.6795,             0.00058017,             0.00058017,             0.00058017
                      5,                 3.1956,                 3.5365,                 2.6399,                0.75429,                0.44547,                0.47442,                0.22486,                 3.3278,                 2.8138,                 2.6425,             0.00029723,             0.00029723,             0.00029723
